date,price,div_yield_12m,pd_ratio,log_pd_ratio
2005-01-07,1564.81,1.1855,1319.957824,7.1853550635548045
2005-01-14,1561.11,1.1873,1314.840394,7.181470563861489
2005-01-21,1503.64,1.2327,1219.793948,7.106437228380955
2005-01-28,1499.46,1.2372,1211.978661,7.100009560038621
2005-02-04,1534.49,1.2181,1259.74058,7.138661089858608
2005-02-11,1530.51,1.2226,1251.84852,7.132376553924778
2005-02-18,1515.4,1.2384,1223.675711,7.109614485975477
2005-02-25,1526.9,1.2459,1225.53977,7.111136654501994
2005-03-04,1520.58,1.2511,1215.394453,7.10282395576127
2005-03-11,1505.64,1.2637,1191.453668,7.0829294103442155
2005-03-18,1484.4,1.2818,1158.05898,7.054500589478405
2005-03-25,1469.94,1.2956,1134.563137,7.034002954500391
2005-04-01,1469.35,1.2874,1141.331366,7.039950724877084
2005-04-08,1485.6,1.2726,1167.37388,7.0625119580119256
2005-04-15,1408.59,1.3436,1048.370051,6.954991904654349
2005-04-22,1421.21,1.3317,1067.214838,6.972807578737868
2005-04-29,1420.79,1.3355,1063.863721,6.969662579931502
2005-05-06,1456.0,1.3114,1110.26384,7.012352959755403
2005-05-13,1470.63,1.3007,1130.645037,7.030543578048911
2005-05-20,1528.06,1.2543,1218.257195,7.105176587718899
2005-05-27,1549.8,1.2432,1246.621622,7.128192469002127
2005-06-03,1544.48,1.2475,1238.06012,7.121301014262528
2005-06-10,1521.02,1.2671,1200.394602,7.090405616721712
2005-06-17,1538.13,1.2534,1227.166108,7.112462812891339
2005-06-24,1500.18,1.2788,1173.115421,7.0674182419371645
2005-07-01,1490.53,1.2884,1156.884508,7.053485901986587
2005-07-08,1533.27,1.2452,1231.344362,7.115861828737484
2005-07-15,1577.82,1.2099,1304.091247,7.173261714731735
2005-07-22,1600.76,1.1931,1341.681334,7.201678833298711
2005-07-29,1605.14,1.1855,1353.977225,7.210801632798995
2005-08-05,1601.59,1.1954,1339.794211,7.200271307270684
2005-08-12,1591.75,1.2158,1309.220266,7.177187022189465
2005-08-19,1573.72,1.2723,1236.909534,7.120371236330884
2005-08-26,1558.84,1.2875,1210.749515,7.098994880705105
2005-09-02,1573.12,1.2771,1231.790776,7.116224304996297
2005-09-09,1607.83,1.2556,1280.527238,7.155027176791715
2005-09-16,1599.44,1.2622,1267.184281,7.144552616469336
2005-09-23,1571.75,1.2753,1232.455109,7.116763482535469
2005-09-30,1601.66,1.2516,1279.689997,7.154373137737217
2005-10-07,1555.92,1.2771,1218.322763,7.10523040741794
2005-10-14,1544.29,1.4487,1065.983295,6.971652933871296
2005-10-21,1565.12,1.4288,1095.408735,6.998882846573807
2005-10-28,1557.11,1.4376,1083.131608,6.987611761316812
2005-11-04,1628.03,1.3824,1177.683738,7.07130485448181
2005-11-11,1653.36,1.3651,1211.164017,7.099337173688376
2005-11-18,1679.85,0.5338,3146.965155,8.054193824553154
2005-11-25,1701.05,0.5274,3225.350777,8.078796991377072
2005-12-02,1709.1,0.5253,3253.569389,8.087507946201079
2005-12-09,1692.62,0.5342,3168.513665,8.061017881520565
2005-12-16,1688.68,0.5354,3154.053044,8.05644358539044
2005-12-23,1682.92,0.5077,3314.7922,8.106150215888977
2005-12-30,1645.2,0.5192,3168.721109,8.061083349822583
2006-01-06,1734.99,0.4832,3590.625,8.18608156103712
2006-01-13,1746.78,0.3556,4912.204724,8.499478147297223
2006-01-20,1676.38,0.3706,4523.421479,8.417023950853768
2006-01-27,1711.11,0.3645,4694.403292,8.454126289209494
2006-02-03,1664.53,0.3791,4390.741229,8.387253336691241
2006-02-10,1663.75,0.381,4366.7979,8.381785273504653
2006-02-17,1675.21,0.3859,4341.046903,8.37587081989453
2006-02-24,1676.5,0.3885,4315.315315,8.36992567500765
2006-03-03,1684.32,0.3868,4354.498449,8.378964715949472
2006-03-10,1648.23,0.3957,4165.35254,8.33455619447627
2006-03-17,1685.66,0.3869,4356.836392,8.379501474804183
2006-03-24,1679.81,0.3851,4362.009868,8.380688209024031
2006-03-31,1703.66,0.3814,4466.858941,8.404440742836957
2006-04-07,1723.03,0.377,4570.371353,8.427349739449072
2006-04-14,1712.07,0.3845,4452.717815,8.401269933675316
2006-04-21,1709.02,0.3881,4403.555785,8.39016762649728
2006-04-28,1700.71,0.3923,4335.228142,8.374529515742184
2006-05-05,1713.84,0.393,4360.916031,8.380437413128618
2006-05-12,1635.81,0.4148,3943.611379,8.279852176131351
2006-05-19,1600.86,0.4289,3732.478433,8.224827751231883
2006-05-26,1606.37,0.4309,3727.941518,8.223611488450675
2006-06-02,1612.9,0.4298,3752.675663,8.230224374670453
2006-06-09,1550.97,0.4484,3458.898305,8.148705408389336
2006-06-16,1562.84,0.446,3504.125561,8.161696285032995
2006-06-23,1551.05,0.4484,3459.076717,8.148756987644674
2006-06-30,1575.23,0.4415,3567.90487,8.179733831348948
2006-07-07,1533.71,0.4534,3382.68637,8.126425456827162
2006-07-14,1462.17,0.4772,3064.06119,8.027496501287704
2006-07-21,1451.88,0.4806,3020.973783,8.01333450309678
2006-07-28,1510.3,0.4632,3260.578584,8.089659938367687
2006-08-04,1503.84,0.472,3186.101695,8.066553409295171
2006-08-11,1486.74,0.4779,3110.985562,8.042694855935405
2006-08-18,1576.46,0.4587,3436.799651,8.142295983326534
2006-08-25,1557.7,0.4688,3322.738908,8.10854469409709
2006-09-01,1589.47,0.4596,3458.376849,8.148554639195
2006-09-08,1574.71,0.4655,3382.835661,8.126469589711318
2006-09-15,1632.44,0.4495,3631.679644,8.197450532086512
2006-09-22,1622.37,0.4499,3606.068015,8.190373265204908
2006-09-29,1654.13,0.4414,3747.462619,8.228834255010392
2006-10-06,1684.88,0.4335,3886.689735,8.265313106467474
2006-10-13,1727.21,0.4227,4086.13674,8.315355240309534
2006-10-20,1709.58,0.427,4003.700234,8.294974270999099
2006-10-27,1717.61,0.4238,4052.878716,8.307182701680192
2006-11-03,1703.98,0.4311,3952.6328,8.282137167507177
2006-11-10,1751.11,0.4212,4157.431149,8.332652650256472
2006-11-17,1800.67,0.4173,4315.049125,8.369863988157242
2006-11-24,1815.53,0.4568,3974.452715,8.287642335848423
2006-12-01,1775.12,0.4714,3765.634281,8.233671593773984
2006-12-08,1786.21,0.473,3776.342495,8.236511226277111
2006-12-15,1808.56,0.4821,3751.420867,8.229889945067454
2006-12-22,1748.61,0.4997,3499.319592,8.160323826293217
2006-12-29,1756.9,0.4974,3532.16727,8.16966691903962
2007-01-05,1785.3,0.4895,3647.191011,8.201712564265794
2007-01-12,1844.81,0.4566,4040.319755,8.304079115100443
2007-01-19,1796.81,0.4688,3832.785836,8.25134719009141
2007-01-26,1772.97,0.4759,3725.509561,8.22295891635742
2007-02-02,1798.13,0.4708,3819.307562,8.247824418677718
2007-02-09,1785.53,0.4758,3752.690206,8.230228250031162
2007-02-16,1821.49,0.468,3892.07265,8.266697109627055
2007-02-23,1839.77,0.4636,3968.442623,8.286129010318813
2007-03-02,1726.03,0.4991,3458.284913,8.148528055272532
2007-03-09,1744.74,0.4914,3550.549451,8.174857645422636
2007-03-16,1742.23,0.4925,3537.522843,8.171181999315804
2007-03-23,1794.04,0.494,3631.659919,8.197445100700623
2007-03-30,1772.36,0.5024,3527.786624,8.168425934572026
2007-04-06,1812.94,0.4911,3691.590307,8.213812621697217
2007-04-13,1816.85,0.4914,3697.293447,8.21535633014424
2007-04-20,1845.89,0.4837,3816.18772,8.247007224230364
2007-04-27,1891.06,0.4742,3987.895403,8.29101890280397
2007-05-04,1895.7,0.4746,3994.310999,8.292626377494143
2007-05-11,1898.79,0.4767,3983.196979,8.289840036892256
2007-05-18,1896.93,0.4805,3947.825182,8.280920119431133
2007-05-25,1889.25,0.4825,3915.544041,8.272709561988801
2007-06-01,1928.26,0.476,4050.966387,8.306710745710848
2007-06-08,1906.26,0.4804,3968.068276,8.286034674909956
2007-06-15,1942.41,0.472,4115.275424,8.322461042584587
2007-06-22,1921.94,0.4761,4036.841,8.303217734394867
2007-06-29,1934.1,0.4731,4088.142042,8.315845877366014
2007-07-06,1988.31,0.4602,4320.53455,8.371134412009114
2007-07-13,2032.16,0.4474,4542.154671,8.421156775586358
2007-07-20,2035.88,0.4466,4558.62069,8.424775376488892
2007-07-27,1956.19,0.465,4206.860215,8.344471856273584
2007-08-03,1918.56,0.4792,4003.672788,8.294967415817025
2007-08-10,1925.14,0.4813,3999.875338,8.294018474116374
2007-08-17,1888.78,0.4984,3789.686998,8.240038708386354
2007-08-24,1961.38,0.484,4052.438017,8.307073958489777
2007-08-31,1988.73,0.4805,4138.876171,8.328179573688242
2007-09-07,1958.35,0.4873,4018.776934,8.298732890047452
2007-09-14,2000.82,0.4781,4184.940389,8.339247738855581
2007-09-21,2049.48,0.4668,4390.488432,8.387195760016942
2007-09-28,2091.11,0.4566,4579.741568,8.42939784931534
2007-10-05,2149.67,0.4296,5003.887337,8.517970356745016
2007-10-12,2177.99,0.4247,5128.302331,8.542529953765893
2007-10-19,2131.08,0.4343,4906.930693,8.498403911881741
2007-10-26,2194.59,0.4209,5214.04134,8.55911052311564
2007-11-02,2213.86,0.4203,5267.332857,8.569279414182974
2007-11-09,2034.3,0.4608,4414.713542,8.392698228033867
2007-11-16,2048.62,0.4621,4433.282839,8.396895635777625
2007-11-23,2028.9,0.4242,4782.885431,8.472799290016868
2007-11-30,2089.1,0.4538,4603.569855,8.434587336936655
2007-12-07,2130.0,0.4464,4771.505376,8.470417126546394
2007-12-14,2072.11,0.4518,4586.343515,8.430838365758696
2007-12-21,2111.77,0.4433,4763.749154,8.46879027459687
2007-12-28,2107.05,0.4307,4892.15231,8.49538763082771
2008-01-04,1963.52,0.4624,4246.366782,8.353819021481067
2008-01-11,1912.81,0.4894,3908.479771,8.270903772004162
2008-01-18,1844.09,0.5077,3632.243451,8.197605766935162
2008-01-25,1789.17,0.5233,3419.01395,8.137107469771369
2008-02-01,1855.27,0.5067,3661.476219,8.205621683600885
2008-02-08,1773.74,0.5356,3311.687827,8.105213255930005
2008-02-15,1780.38,0.5371,3314.801713,8.106153085748014
2008-02-22,1773.44,0.5407,3279.896431,8.095567124965026
2008-02-29,1745.27,0.5522,3160.575878,8.058509529850706
2008-03-07,1707.5,0.5648,3023.194051,8.014069184250861
2008-03-14,1713.83,0.5633,3042.481804,8.020428844235745
2008-03-21,1751.99,0.5317,3295.072409,8.100183422112451
2008-03-28,1767.57,0.5287,3343.238131,8.114695116608265
2008-04-04,1865.87,0.5069,3680.942987,8.210924244804849
2008-04-11,1798.72,0.5265,3416.37227,8.136334527307989
2008-04-18,1900.28,0.4984,3812.760835,8.246108834313123
2008-04-25,1918.58,0.4936,3886.91248,8.265370414519493
2008-05-02,1981.87,0.4756,4167.094197,8.334974236638516
2008-05-09,1960.29,0.4852,4040.169002,8.304041802258473
2008-05-16,2031.27,0.4727,4297.165221,8.365710833349974
2008-05-23,1958.96,0.4917,3984.055318,8.290055503648253
2008-05-30,2032.57,0.4942,4112.849049,8.321871266608715
2008-06-06,1990.39,0.505,3941.366337,8.279282728216208
2008-06-13,1966.01,0.5115,3843.616813,8.254169080678071
2008-06-20,1928.39,0.5207,3703.456885,8.217021955695285
2008-06-27,1855.72,0.5415,3426.999077,8.139440252542796
2008-07-04,1816.35,0.5533,3282.757997,8.096439200803468
2008-07-11,1810.88,0.5611,3227.3748,8.07942433033399
2008-07-18,1823.23,0.5532,3295.788142,8.100400611657662
2008-07-25,1846.55,0.5282,3495.929572,8.159354591263583
2008-08-01,1826.56,0.5354,3411.580127,8.134930843301948
2008-08-08,1926.23,0.5108,3771.006265,8.235097158620011
2008-08-15,1957.56,0.5039,3884.818416,8.26483152194107
2008-08-22,1931.47,0.5099,3787.938812,8.239577301060406
2008-08-29,1872.54,0.5285,3543.122044,8.172763550786458
2008-09-05,1768.23,0.5603,3155.862931,8.057017249780523
2008-09-12,1767.13,0.5606,3152.211916,8.055859680951286
2008-09-19,1745.06,0.5687,3068.507122,8.028946442830206
2008-09-26,1672.04,0.5917,2825.823897,7.94655524601617
2008-10-03,1470.84,0.6611,2224.837392,7.707439109682512
2008-10-10,1269.8,0.774,1640.568475,7.402798091853126
2008-10-17,1311.72,0.7498,1749.426514,7.467043306924407
2008-10-24,1202.27,0.818,1469.767726,7.2928596577641525
2008-10-31,1334.78,0.7367,1811.836568,7.502096288274692
2008-11-07,1271.62,0.7799,1630.491089,7.396636530019714
2008-11-14,1179.63,0.8634,1366.261293,7.219833305147347
2008-11-21,1085.57,0.9458,1147.779657,7.045584622046212
2008-11-28,1185.75,0.8136,1457.411504,7.284417198714017
2008-12-05,1177.87,0.8234,1430.495506,7.265776170926335
2008-12-12,1206.65,0.8076,1494.118375,7.309291596155018
2008-12-19,1217.19,0.7655,1590.058785,7.371526266228954
2008-12-26,1185.44,0.8179,1449.370339,7.278884492135716
2009-01-02,1263.7,0.7676,1646.300156,7.406285719411914
2009-01-09,1223.01,0.8014,1526.091839,7.330465392864419
2009-01-16,1198.14,0.8182,1464.360792,7.2891741067822124
2009-01-23,1175.89,0.8417,1397.041701,7.242112209205149
2009-01-30,1180.25,0.8389,1406.901895,7.249145328315234
2009-02-06,1277.49,0.7753,1647.73636,7.40715772194378
2009-02-13,1236.85,0.8041,1538.179331,7.338354743398361
2009-02-20,1172.71,0.8544,1372.553839,7.224428399572434
2009-02-27,1116.99,0.9022,1238.073598,7.121311900588983
2009-03-06,1064.7,0.9471,1124.168514,7.024798942703778
2009-03-13,1168.52,0.8646,1351.515152,7.2089815769004195
2009-03-20,1187.18,0.851,1395.041128,7.240679176258143
2009-03-27,1251.47,0.8077,1549.424291,7.345638715756592
2009-04-03,1316.16,0.7676,1714.643043,7.446960199743861
2009-04-10,1340.28,0.7631,1756.362207,7.4710000211479315
2009-04-17,1353.92,0.7506,1803.78364,7.497641759948821
2009-04-24,1373.28,0.74,1855.783784,7.526062410870341
2009-05-01,1396.62,0.7279,1918.697623,7.559401913503642
2009-05-08,1394.16,0.7301,1909.546637,7.554621130038436
2009-05-15,1355.11,0.7518,1802.487364,7.4969228588710095
2009-05-22,1363.17,0.7526,1811.280893,7.5017895496661104
2009-05-29,1435.57,0.6933,2070.633204,7.635609735135053
2009-06-05,1493.21,0.6679,2235.678994,7.712300261357084
2009-06-12,1489.97,0.6709,2220.852586,7.705646448886613
2009-06-19,1471.23,0.6794,2165.484251,7.680399287942943
2009-06-26,1480.2,0.676,2189.64497,7.691494695513375
2009-07-03,1446.28,0.6918,2090.604221,7.6452084041341655
2009-07-10,1419.84,0.7052,2013.386273,7.60757329645148
2009-07-17,1527.26,0.6622,2306.342495,7.743418213217666
2009-07-24,1599.06,0.6325,2528.158103,7.835246294054828
2009-07-31,1603.36,0.6308,2541.788205,7.840623130024897
2009-08-07,1619.49,0.6263,2585.805525,7.857792353487673
2009-08-14,1611.58,0.6283,2564.98488,7.849707862850654
2009-08-21,1637.78,0.6224,2631.394602,7.87526925155014
2009-08-28,1643.24,0.6218,2642.714699,7.879561962882895
2009-09-04,1638.07,0.6202,2641.196388,7.878987270759281
2009-09-11,1685.46,0.604,2790.496689,7.9339748837020725
2009-09-18,1725.24,0.5901,2923.640061,7.980584715139255
2009-09-25,1694.15,0.6014,2817.010309,7.943431427436591
2009-10-02,1662.49,0.6124,2714.712606,7.906441372621444
2009-10-09,1727.76,0.5965,2896.496228,7.971257088274481
2009-10-16,1739.32,0.5926,2935.065812,7.984485155179455
2009-10-23,1753.63,0.5881,2981.856827,8.000301481764271
2009-10-30,1667.13,0.6191,2692.828299,7.898347332516793
2009-11-06,1730.76,0.5989,2889.898147,7.968976537232825
2009-11-13,1788.61,0.5798,3084.874095,8.03426612351314
2009-11-20,1764.39,0.6466,2728.719456,7.911587714397934
2009-11-27,1765.46,0.648,2724.475309,7.910031141401798
2009-12-04,1791.91,0.6363,2816.140185,7.943122497643984
2009-12-11,1792.06,0.6366,2815.048696,7.9427348391808295
2009-12-18,1807.36,0.6287,2874.757436,7.963723579585138
2009-12-25,1869.84,0.6598,2833.949682,7.949426664976559
2010-01-01,1860.31,0.6594,2821.216257,7.9449233677589355
2010-01-08,1892.59,0.6508,2908.097726,7.975254444003462
2010-01-15,1864.52,0.6667,2796.640168,7.936174035658861
2010-01-22,1794.82,0.6926,2591.423621,7.859962664303279
2010-01-29,1741.04,0.714,2438.431373,7.799110231633311
2010-02-05,1746.12,0.714,2445.546218,7.8020237790034415
2010-02-12,1779.11,0.7023,2533.262139,7.8372631341851
2010-02-19,1823.32,0.698,2612.206304,7.867950470431987
2010-02-26,1818.68,0.7011,2594.03794,7.860970990829569
2010-03-05,1888.56,0.6752,2797.037915,7.9363162487053645
2010-03-12,1924.43,0.6652,2893.009621,7.9700526305841555
2010-03-19,1932.43,0.6624,2917.315821,7.978419233119146
2010-03-26,1952.63,0.6564,2974.756246,7.997917380505299
2010-04-02,1959.56,0.6539,2996.727328,8.005276081529267
2010-04-09,1994.43,0.6502,3067.410028,8.028588845429566
2010-04-16,2012.84,0.6518,3088.125192,8.035319451773661
2010-04-23,2055.33,0.6408,3207.44382,8.073229581137646
2010-04-30,2000.63,0.6583,3039.085523,8.019311934343788
2010-05-07,1849.44,0.7145,2588.439468,7.858810451096532
2010-05-14,1907.1,0.6959,2740.479954,7.915888349735828
2010-05-21,1822.77,0.7264,2509.319934,7.827767052784762
2010-05-28,1852.39,0.7494,2471.830798,7.812714368823947
2010-06-04,1832.04,0.76,2410.578947,7.7876222246057765
2010-06-11,1847.15,0.754,2449.801061,7.80376210065007
2010-06-18,1913.48,0.7278,2629.128882,7.874407846731022
2010-06-25,1838.52,0.7561,2431.583124,7.796297815564253
2010-07-02,1728.34,0.8068,2142.216163,7.6695961623492135
2010-07-09,1814.79,0.769,2359.93498,7.766389346792667
2010-07-16,1803.48,0.7739,2330.378602,7.75378602348841
2010-07-23,1875.38,0.7442,2519.994625,7.832012047566686
2010-07-30,1864.0,0.7488,2489.316239,7.8197633489372524
2010-08-06,1902.88,0.7449,2554.544234,7.845629104729758
2010-08-13,1818.8,0.7832,2322.26762,7.750299409707895
2010-08-20,1825.75,0.7808,2338.306865,7.757182384488636
2010-08-27,1791.64,0.8017,2234.801048,7.7119074865306505
2010-09-03,1870.31,0.7698,2429.605092,7.795484009547584
2010-09-10,1892.34,0.8849,2138.478924,7.667850072112201
2010-09-17,1955.83,0.8561,2284.581241,7.733938022200741
2010-09-24,2023.84,0.8298,2438.949144,7.7993225468300205
2010-10-01,1996.6,0.8412,2373.514028,7.772126848233018
2010-10-08,2027.03,0.8313,2438.385661,7.7990914849796305
2010-10-15,2097.73,0.8033,2611.390514,7.867638122433068
2010-10-22,2104.21,0.8047,2614.899963,7.868981120700358
2010-10-29,2124.45,0.7973,2664.555374,7.887792483656376
2010-11-05,2186.71,0.7763,2816.836275,7.943369645846532
2010-11-12,2137.95,0.7969,2682.83348,7.894628783646745
2010-11-19,2135.27,0.8175,2611.95107,7.867852757449039
2010-11-26,2153.91,0.8163,2638.625505,7.878013418513776
2010-12-03,2191.17,0.8046,2723.303505,7.909600946249578
2010-12-10,2215.34,0.7962,2782.391359,7.931066038002902
2010-12-17,2218.29,0.826,2685.581114,7.895652413320574
2010-12-24,2230.27,0.8022,2780.191972,7.930275258976778
2010-12-31,2217.86,0.8067,2749.299616,7.919101473131953
2011-01-07,2276.7,0.7867,2893.987543,7.970390602759221
2011-01-14,2323.43,0.7709,3013.918796,8.010996436554082
2011-01-21,2268.32,0.7897,2872.381917,7.962896900783955
2011-01-28,2270.51,0.7889,2878.070731,7.9648754635872905
2011-02-04,2338.2,0.7682,3043.73861,8.020841844729443
2011-02-11,2379.15,0.7632,3117.334906,8.044733718974685
2011-02-18,2392.47,0.7656,3124.960815,8.047177022891885
2011-02-25,2346.29,0.7843,2991.572103,8.003554315163724
2011-03-04,2359.96,0.7804,3024.038954,8.014348618830214
2011-03-11,2299.26,0.8013,2869.412205,7.961862481157718
2011-03-18,2221.07,0.8303,2675.021077,7.891712538551402
2011-03-25,2316.36,0.7973,2905.255236,7.974276526355898
2011-04-01,2342.92,0.7937,2951.896182,7.990203016402743
2011-04-08,2321.18,0.8089,2869.551242,7.961910934855432
2011-04-15,2307.58,0.8136,2836.258604,7.9502410696725265
2011-04-22,2377.3,0.7897,3010.38369,8.009822821379885
2011-04-29,2404.08,0.7876,3052.412392,8.023687505163494
2011-05-06,2383.18,0.9463,2518.419106,7.831386644757203
2011-05-13,2379.24,0.9499,2504.726813,7.825934950885226
2011-05-20,2351.43,0.9739,2414.447068,7.789225582522041
2011-05-27,2336.09,0.958,2438.507307,7.799141371659868
2011-06-03,2292.31,0.9683,2367.355159,7.769528644308053
2011-06-10,2221.09,0.9998,2221.534307,7.705953365425748
2011-06-17,2192.96,1.0401,2108.412653,7.653690646196207
2011-06-24,2217.06,1.0282,2156.253647,7.676127572140558
2011-07-01,2361.39,0.9656,2445.515742,7.802011317088115
2011-07-08,2405.89,0.9602,2505.613414,7.826288859390072
2011-07-15,2356.67,0.9811,2402.069106,7.784085772417582
2011-07-22,2429.5,0.9533,2548.515682,7.843266383184747
2011-07-29,2362.81,0.9826,2404.650926,7.785160026890945
2011-08-05,2194.38,1.0747,2041.853541,7.621613272841891
2011-08-12,2182.05,1.0823,2016.123071,7.608931674450975
2011-08-19,2038.22,1.1836,1722.051369,7.451271515553193
2011-08-26,2161.97,1.1178,1934.12954,7.567412654121759
2011-09-02,2167.83,1.1154,1943.544917,7.572268861422178
2011-09-09,2163.66,1.0277,2105.342026,7.652233215577937
2011-09-16,2306.09,0.9598,2402.677641,7.784339078173451
2011-09-23,2206.86,1.0024,2201.576217,7.6969288450825655
2011-09-30,2139.18,1.0341,2068.639397,7.634646374010338
2011-10-07,2202.76,1.0221,2155.131592,7.67560706424663
2011-10-14,2371.94,0.9492,2498.88327,7.823599219059701
2011-10-21,2335.93,0.9619,2428.454101,7.795010161463067
2011-10-28,2401.29,0.9361,2565.206709,7.849794342661901
2011-11-04,2356.32,0.9699,2429.446335,7.795418664694812
2011-11-11,2355.78,0.9726,2422.146823,7.792409542837205
2011-11-18,2253.95,1.0666,2113.210201,7.655963492554679
2011-11-25,2150.88,1.102,1951.796733,7.576505628866427
2011-12-02,2302.04,1.0304,2234.122671,7.711603889043709
2011-12-09,2318.68,1.0218,2269.211196,7.72718755933765
2011-12-16,2238.18,1.0424,2147.141213,7.671892567956218
2011-12-23,2287.57,1.0177,2247.784219,7.717700218417116
2011-12-30,2277.83,1.0243,2223.791858,7.70696906196197
2012-01-06,2356.17,1.0044,2345.848268,7.760402350224934
2012-01-13,2371.98,0.9999,2372.217222,7.771580333496316
2012-01-20,2437.02,0.9732,2504.130703,7.8256969285414435
2012-01-27,2461.77,0.9635,2555.028542,7.845818673612591
2012-02-03,2529.17,0.9413,2686.890471,7.896139845224199
2012-02-10,2547.32,0.9404,2708.762229,7.904247067468897
2012-02-17,2584.24,0.9606,2690.23527,7.8973839297379405
2012-02-24,2604.21,0.9557,2724.924139,7.910195867810753
2012-03-02,2641.58,0.939,2813.184239,7.9420723019014625
2012-03-09,2646.85,0.9375,2823.306667,7.945664053951096
2012-03-16,2712.78,0.9149,2965.110941,7.994669727595239
2012-03-23,2728.55,0.905,3014.972376,8.011345946930257
2012-03-30,2755.27,0.8963,3074.048868,8.030750821174523
2012-04-06,2762.5,0.9027,3060.263653,8.026256352345882
2012-04-13,2698.99,0.9239,2921.301007,7.979784346376713
2012-04-20,2676.04,0.926,2889.892009,7.968974413280281
2012-04-27,2741.34,0.9172,2988.813781,8.002631858904515
2012-05-04,2637.92,0.9595,2749.265242,7.919088970233146
2012-05-11,2615.98,0.9547,2740.10684,7.9157521913226505
2012-05-18,2478.53,1.036,2392.403475,7.780053777685649
2012-05-25,2527.05,1.0182,2481.879788,7.816771531070258
2012-06-01,2458.83,1.0438,2355.652424,7.764573005874567
2012-06-08,2559.21,1.0042,2548.506274,7.8432626916173644
2012-06-15,2571.23,0.998,2576.382766,7.854141665471664
2012-06-22,2585.53,0.997,2593.30993,7.860690304042014
2012-06-29,2615.72,0.9894,2643.743683,7.8799512533827505
2012-07-06,2612.29,0.9959,2623.044482,7.87209093816761
2012-07-13,2584.97,1.0065,2568.276205,7.850990215490245
2012-07-20,2618.04,0.9938,2634.373113,7.876400524891031
2012-07-27,2647.03,1.0305,2568.685104,7.8511494142757785
2012-08-03,2676.0,1.0219,2618.651531,7.870414781436047
2012-08-10,2722.96,1.0919,2493.781482,7.821555504919389
2012-08-17,2780.3,1.0823,2568.881087,7.851225708378008
2012-08-24,2778.05,1.0837,2563.486205,7.849123409894667
2012-08-31,2772.24,1.1195,2476.319786,7.814528779745889
2012-09-07,2825.11,1.1006,2566.881701,7.850447095274739
2012-09-14,2855.23,1.0909,2617.315978,7.8699046357841995
2012-09-21,2861.64,1.0888,2628.251286,7.8740739937547835
2012-09-28,2799.19,1.1176,2504.64388,7.825901839740098
2012-10-05,2811.94,1.1388,2469.213207,7.8116548392013705
2012-10-12,2720.14,1.1772,2310.686374,7.745299890982719
2012-10-19,2678.32,1.1956,2240.147206,7.714296859654106
2012-10-26,2665.83,1.2019,2218.013146,7.704367094853974
2012-11-02,2656.28,1.208,2198.907285,7.6957158273193835
2012-11-09,2584.1,1.3585,1902.171513,7.550751414118672
2012-11-16,2534.16,1.3792,1837.412993,7.5161138792176105
2012-11-23,2639.59,1.311,2013.417239,7.607588676392372
2012-11-30,2677.88,1.3098,2044.495343,7.622906261983565
2012-12-07,2640.54,1.4516,1819.054836,7.506072324297929
2012-12-14,2628.09,1.4689,1789.15515,7.489498804175428
2012-12-21,2664.67,1.4408,1849.437812,7.5226369864844385
2012-12-28,2606.36,1.421,1834.173118,7.514349042036635
2013-01-04,2724.49,1.3594,2004.18567,7.602993107613636
2013-01-11,2748.26,1.3478,2039.071079,7.620249629702033
2013-01-18,2743.24,1.3558,2023.336775,7.612503296372456
2013-01-25,2736.73,1.359,2013.782193,7.607769920955579
2013-02-01,2763.96,1.3464,2052.85205,7.626985349151771
2013-02-08,2775.56,1.423,1950.498946,7.575840488572302
2013-02-15,2764.67,1.4271,1937.264382,7.56903214454217
2013-02-22,2737.28,1.4501,1887.649128,7.543087486214116
2013-03-01,2747.75,1.4466,1899.453892,7.549321698576816
2013-03-08,2804.11,1.4201,1974.586297,7.588114185519927
2013-03-15,2799.41,1.4232,1966.982856,7.584256102540197
2013-03-22,2800.81,1.4206,1971.568351,7.586584622257666
2013-03-29,2818.69,1.4183,1987.372206,7.594568545593302
2013-04-05,2771.75,1.4593,1899.369561,7.549277300093413
2013-04-12,2856.48,1.4165,2016.576068,7.609156336388944
2013-04-19,2780.46,1.4552,1910.706432,7.555228312345307
2013-04-26,2840.55,1.4281,1989.041384,7.595408085072916
2013-05-03,2944.59,1.3801,2133.60626,7.66556890687175
2013-05-10,2981.02,1.4486,2057.862764,7.629423230011129
2013-05-17,3028.96,1.4372,2107.542444,7.653277829174993
2013-05-24,2991.02,1.4578,2051.735492,7.6264412954479015
2013-05-31,2981.76,1.4632,2037.834882,7.619643190873317
2013-06-07,2990.87,1.4608,2047.419222,7.624335362934321
2013-06-14,2943.86,1.487,1979.731002,7.590716256883347
2013-06-21,2877.95,1.5241,1888.294731,7.543429442043121
2013-06-28,2909.6,1.5147,1920.908431,7.560553494271682
2013-07-05,2963.22,1.5037,1970.619139,7.586103056111585
2013-07-12,3079.07,1.4567,2113.729663,7.656209278877327
2013-07-19,3044.93,1.488,2046.323925,7.623800255094476
2013-07-26,3076.23,1.4706,2091.819665,7.645789619270338
2013-08-02,3143.52,1.4429,2178.612516,7.6864434926056795
2013-08-09,3118.57,1.4707,2120.466445,7.659391364691353
2013-08-16,3073.91,1.502,2046.544607,7.62390809242103
2013-08-23,3124.27,1.4827,2107.14912,7.653091184911625
2013-08-30,3073.81,1.5132,2031.330954,7.61644649956081
2013-09-06,3133.38,1.4847,2110.446555,7.654654841518827
2013-09-13,3178.28,1.4663,2167.550979,7.681353228101296
2013-09-20,3224.73,1.4456,2230.720808,7.710080044512859
2013-09-27,3230.31,1.4299,2259.116022,7.722728875042887
2013-10-04,3242.57,1.4308,2266.263629,7.725887775950591
2013-10-11,3233.83,1.4435,2240.270177,7.714351752307857
2013-10-18,3353.88,1.3931,2407.494078,7.786341683856171
2013-10-25,3383.83,1.3811,2450.097748,7.80388319988576
2013-11-01,3379.76,1.4381,2350.156456,7.76223718194333
2013-11-08,3366.84,1.4361,2344.432839,7.759798791926113
2013-11-15,3422.58,1.4209,2408.740939,7.786859458019373
2013-11-22,3422.02,1.4456,2367.197012,7.7694618388344425
2013-11-29,3487.82,1.4233,2450.516406,7.804054059287403
2013-12-06,3504.26,1.326,2642.730015,7.879567758421711
2013-12-13,3456.4,1.3364,2586.351392,7.858003432544549
2013-12-20,3531.19,1.3089,2697.830239,7.900203113735457
2013-12-27,3574.02,1.277,2798.762725,7.93693271457525
2014-01-03,3538.73,1.2955,2731.555384,7.912626463669023
2014-01-10,3565.08,1.2873,2769.424377,7.926394771449513
2014-01-17,3591.25,1.279,2807.857701,7.940177087579564
2014-01-24,3541.48,1.297,2730.516577,7.912246092623038
2014-01-31,3521.92,1.3093,2689.925915,7.897268931324434
2014-02-07,3561.91,1.301,2737.82475,7.914918997225745
2014-02-14,3663.88,1.2705,2883.809524,7.966867450453957
2014-02-21,3662.6,1.284,2852.492212,7.955948351495869
2014-02-28,3696.1,1.3959,2647.825775,7.881494119952739
2014-03-07,3703.4,1.4006,2644.152506,7.880105879338405
2014-03-14,3627.87,1.432,2533.428771,7.8373289096598695
2014-03-21,3653.07,1.4228,2567.521788,7.8506964278426565
2014-03-28,3571.49,1.4455,2470.764441,7.812282872023185
2014-04-04,3539.38,1.4639,2417.774438,7.790602742290794
2014-04-11,3446.85,1.5052,2289.961467,7.736290269769161
2014-04-18,3534.53,1.4678,2408.046055,7.78657093207638
2014-04-25,3533.1,1.4357,2460.890158,7.808278416318985
2014-05-02,3587.64,1.4157,2534.180971,7.837625775458075
2014-05-09,3555.7,1.4384,2471.982759,7.812775844038696
2014-05-16,3587.2,1.4415,2488.518904,7.819442994813858
2014-05-23,3677.33,1.4068,2613.96787,7.868624602601358
2014-05-30,3736.82,1.385,2698.064982,7.900290121725988
2014-06-06,3794.57,1.3532,2804.145729,7.938854218629955
2014-06-13,3775.56,1.3528,2790.922531,7.934127476433075
2014-06-20,3802.64,1.3436,2830.187556,7.948098262646192
2014-06-27,3844.44,1.3154,2922.639501,7.98024242565441
2014-07-04,3923.01,1.294,3031.692427,8.016876299334324
2014-07-11,3904.58,1.3011,3000.983783,8.006695441560389
2014-07-18,3939.89,1.2895,3055.362544,8.024653536905117
2014-07-25,3965.17,1.2813,3094.646063,8.037428820905692
2014-08-01,3879.67,1.3106,2960.224325,7.9930203299195055
2014-08-08,3888.09,1.3148,2957.172193,7.991988750487105
2014-08-15,3987.51,1.2849,3103.362129,8.040241360507322
2014-08-22,4052.75,1.2738,3181.621919,8.065146383170731
2014-08-29,4082.56,1.2675,3220.954635,8.077433065096654
2014-09-05,4089.92,1.2655,3231.860925,8.080813388083953
2014-09-12,4069.23,1.2728,3197.069453,8.069989873253022
2014-09-19,4100.09,1.2637,3244.512147,8.084720277928463
2014-09-26,4053.72,1.274,3181.88383,8.065228699746052
2014-10-03,4027.31,1.2891,3124.125359,8.046909637875352
2014-10-10,3870.86,1.3417,2885.041365,7.967294516794352
2014-10-17,3815.47,1.3563,2813.146059,7.9420587300000705
2014-10-24,4042.02,1.2893,3135.050027,8.050400410515458
2014-10-31,4158.21,1.2548,3313.842843,8.105863774713582
2014-11-07,4160.51,1.2641,3291.282335,8.09903253529701
2014-11-14,4224.99,1.2489,3382.969013,8.126509009117122
2014-11-21,4251.32,1.2361,3439.301027,8.143023539896014
2014-11-28,4337.79,1.2714,3411.821614,8.135001625298749
2014-12-05,4311.57,1.2793,3370.257172,8.122744332600954
2014-12-12,4199.29,1.3142,3195.320347,8.069442626887147
2014-12-19,4281.78,1.2902,3318.694776,8.107326844851803
2014-12-26,4314.1,1.252,3445.766773,8.144901734298317
2015-01-02,4230.24,1.2633,3348.563287,8.116286663276025
2015-01-09,4213.28,1.2706,3315.976704,8.106507490898784
2015-01-16,4142.14,1.2925,3204.750484,8.072389514218054
2015-01-23,4278.14,1.2514,3418.683075,8.137010690110309
2015-01-30,4148.43,1.2918,3211.356247,8.074448633746757
2015-02-06,4228.68,1.3227,3197.006124,8.069970064603831
2015-02-13,4384.03,1.2685,3456.074103,8.14788857153435
2015-02-20,4443.05,1.2567,3535.489775,8.170607118945643
2015-02-27,4440.67,1.1809,3760.411551,8.232283685447365
2015-03-06,4399.23,1.1946,3682.596685,8.211373403253493
2015-03-13,4314.9,1.222,3531.01473,8.169340567542456
2015-03-20,4458.54,1.1831,3768.523371,8.234438524936047
2015-03-27,4332.86,1.2148,3566.727033,8.179403656778847
2015-04-03,4316.01,1.2238,3526.728224,8.168125871412263
2015-04-10,4422.02,1.1936,3704.775469,8.217377933734557
2015-04-17,4351.8,1.2129,3587.929755,8.185330645227843
2015-04-24,4536.78,1.1636,3898.917154,8.268454140744545
2015-05-01,4479.06,1.1822,3788.749789,8.23979137268082
2015-05-08,4458.65,1.1944,3732.962157,8.224957341440216
2015-05-15,4494.29,1.1881,3782.753977,8.238207588682657
2015-05-22,4527.16,1.185,3820.388186,8.24810731580945
2015-05-29,4508.25,1.1905,3786.854263,8.239290943665114
2015-06-05,4477.19,1.2009,3728.19552,8.223679620782152
2015-06-12,4453.79,1.2201,3650.348332,8.202577875447716
2015-06-19,4513.42,1.2045,3747.13159,8.228745916938713
2015-06-26,4484.28,1.2079,3712.459641,8.219449911940753
2015-07-03,4433.39,1.2255,3617.617299,8.193570883411875
2015-07-10,4420.15,1.2066,3663.310128,8.206122424223599
2015-07-17,4661.6,1.1313,4120.569257,8.323746601973848
2015-07-24,4557.38,1.183,3852.392223,8.256449590943108
2015-07-31,4588.91,1.1762,3901.470838,8.269108898967815
2015-08-07,4520.08,1.1998,3767.361227,8.23413009558204
2015-08-14,4530.74,1.2004,3774.358547,8.235985725920358
2015-08-21,4197.27,1.3017,3224.452639,8.078518490483981
2015-08-28,4329.12,1.2625,3429.005941,8.140025685036514
2015-09-04,4184.72,1.3098,3194.930524,8.069320621348288
2015-09-11,4323.23,1.2685,3408.143477,8.133922987121709
2015-09-18,4323.86,1.2816,3373.798377,8.123794503466163
2015-09-25,4224.74,1.3066,3233.384356,8.081284655905044
2015-10-02,4267.45,1.2969,3290.500424,8.098794936751963
2015-10-09,4370.01,1.2623,3461.942486,8.149585122657662
2015-10-16,4438.62,1.2428,3571.467654,8.180731897855148
2015-10-23,4624.09,1.192,3879.270134,8.263402305128638
2015-10-30,4648.83,1.1867,3917.44333,8.273194508267217
2015-11-06,4707.23,1.1792,3991.884328,8.29201866105964
2015-11-13,4502.14,1.2379,3636.91736,8.198891722705193
2015-11-20,4686.36,1.1987,3909.53533,8.271173804484985
2015-11-27,4680.47,1.1537,4056.92121,8.30817964226361
2015-12-04,4716.12,1.1451,4118.5224,8.32324973723989
2015-12-11,4537.56,1.1917,3807.63615,8.244763842501637
2015-12-18,4514.83,1.2132,3721.422684,8.221861316090399
2015-12-25,4622.77,1.1575,3993.75378,8.292486864604271
2016-01-01,4593.27,1.166,3939.339623,8.278768379868492
2016-01-08,4270.78,1.2577,3395.706448,8.130267103176784
2016-01-15,4141.08,1.2954,3196.757758,8.069892374528091
2016-01-22,4259.77,1.2593,3382.649091,8.126414436235436
2016-01-29,4279.17,1.2548,3410.240676,8.13453814725909
2016-02-05,4024.47,1.2969,3103.145963,8.040171702658856
2016-02-12,4019.19,1.3033,3083.856365,8.03393615934439
2016-02-19,4164.09,1.2665,3287.872088,8.097995852742942
2016-02-26,4235.62,1.2497,3389.309434,8.12838147283879
2016-03-04,4329.0,1.2797,3382.824099,8.126466171862827
2016-03-11,4361.83,1.2716,3430.190311,8.140371022877352
2016-03-18,4410.83,1.2844,3434.156026,8.141526476068817
2016-03-25,4405.53,1.2806,3440.207715,8.14328713081195
2016-04-01,4532.08,1.2459,3637.595313,8.199078114023056
2016-04-08,4474.93,1.2678,3529.681338,8.168962873331287
2016-04-15,4543.16,1.2487,3638.311844,8.199275073931107
2016-04-22,4474.19,1.2705,3521.597796,8.166670084920115
2016-04-29,4341.3,1.3106,3312.452312,8.10544407381349
2016-05-06,4330.17,1.3235,3271.756706,8.093082338601098
2016-05-13,4326.53,1.3284,3256.948208,8.088545903399723
2016-05-20,4362.9,1.3264,3289.279252,8.098423747419142
2016-05-27,4512.54,1.2854,3510.611483,8.16354551296773
2016-06-03,4509.79,1.2863,3506.017259,8.162235988173
2016-06-10,4461.05,1.2985,3435.541009,8.141929691235864
2016-06-17,4374.38,1.3265,3297.685639,8.100976179898444
2016-06-24,4285.7,1.3363,3207.139115,8.073134577299262
2016-07-01,4437.44,1.2924,3433.488084,8.141331957543569
2016-07-08,4528.36,1.2715,3561.43138,8.177917816070082
2016-07-15,4589.83,1.2545,3658.692706,8.204861178436953
2016-07-22,4666.07,1.238,3769.038772,8.234575280293024
2016-07-29,4730.23,1.2224,3869.625327,8.260912966608297
2016-08-05,4791.21,1.2146,3944.681377,8.280123463731764
2016-08-12,4807.08,1.2112,3968.857332,8.286233506558776
2016-08-19,4806.14,1.221,3936.232596,8.277979350938327
2016-08-26,4783.69,1.2276,3896.78234,8.267906450558435
2016-09-02,4798.74,1.2257,3915.101575,8.27259655317135
2016-09-09,4681.54,1.2567,3725.264582,8.222893157016072
2016-09-16,4818.05,1.224,3936.315359,8.278000376659726
2016-09-23,4858.91,1.2112,4011.649604,8.296957808278696
2016-09-30,4875.7,1.2077,4037.178107,8.303301238532207
2016-10-07,4864.52,1.2162,3999.769775,8.293992082195603
2016-10-14,4808.48,1.2311,3905.840305,8.27022822606422
2016-10-21,4851.86,1.2155,3991.657754,8.291961900790142
2016-10-28,4805.59,1.2274,3915.259899,8.2726369916621
2016-11-04,4660.46,1.2751,3654.97608,8.20384482770282
2016-11-11,4751.95,1.2521,3795.184091,8.241488197480619
2016-11-18,4808.04,1.245,3861.879518,8.258909265712601
2016-11-25,4870.02,1.2299,3959.687779,8.28392045745333
2016-12-02,4739.37,1.266,3743.578199,8.227797170727305
2016-12-09,4895.9,1.226,3993.393148,8.292396561520205
2016-12-16,4914.86,1.2209,4025.604063,8.300430256356098
2016-12-23,4940.02,1.2156,4063.853241,8.309886876647603
2016-12-30,4863.62,1.2363,3934.01278,8.27741524754566
2017-01-06,5007.08,1.2054,4153.874233,8.331796727858324
2017-01-13,5059.51,1.1929,4241.353005,8.352637602275676
2017-01-20,5063.2,1.192,4247.651007,8.354121404885879
2017-01-27,5168.06,1.1698,4417.900496,8.3934198613181
2017-02-03,5161.6,1.1741,4396.21838,8.388499991268723
2017-02-10,5226.69,1.1716,4461.155685,8.40316313364506
2017-02-17,5324.72,1.1552,4609.34903,8.435841917776921
2017-02-24,5343.31,1.152,4638.289931,8.442101027935848
2017-03-03,5373.48,1.1478,4681.547308,8.451383955636013
2017-03-10,5385.9,1.1061,4869.27041,8.490699391711843
2017-03-17,5408.76,1.1064,4888.611714,8.494663639093329
2017-03-24,5364.0,1.1125,4821.573034,8.4808555094039
2017-03-31,5436.23,1.0988,4947.424463,8.506622409649204
2017-04-07,5418.37,1.1072,4893.759032,8.495716005356822
2017-04-14,5353.59,1.1206,4777.431733,8.471658386739703
2017-04-21,5442.05,1.1024,4936.547533,8.50442148589201
2017-04-28,5583.53,1.0787,5176.165755,8.551819859431511
2017-05-05,5646.09,1.0676,5288.581866,8.573305410652075
2017-05-12,5686.81,1.1148,5101.193039,8.53722972057093
2017-05-19,5651.56,1.1296,5003.151558,8.517823304453314
2017-05-26,5788.36,1.1046,5240.231758,8.564121004962985
2017-06-02,5881.46,1.0873,5409.233882,8.595862750352419
2017-06-09,5741.94,1.1155,5147.413716,8.546249676449653
2017-06-16,5681.48,1.1305,5025.634675,8.52230702843425
2017-06-23,5803.11,1.112,5218.624101,8.559989063948887
2017-06-30,5646.92,1.1447,4933.100376,8.503722948888065
2017-07-07,5656.47,1.1452,4939.285714,8.5049760074198
2017-07-14,5838.08,1.1096,5261.427541,8.568157664538
2017-07-21,5921.53,1.094,5412.73309,8.59650943651049
2017-07-28,5908.92,1.0985,5379.080564,8.590272739666194
2017-08-04,5899.91,1.1011,5358.196349,8.586382695383088
2017-08-11,5831.53,1.1208,5203.006781,8.556991964576019
2017-08-18,5790.91,1.1364,5095.837733,8.536179354712065
2017-08-25,5822.53,1.1296,5154.50602,8.54762656644729
2017-09-01,5987.9,1.0997,5445.030463,8.602458630025424
2017-09-08,5913.37,1.1141,5307.755139,8.576924263830403
2017-09-15,5988.0,1.1015,5436.223332,8.600839858312325
2017-09-22,5932.32,1.114,5325.24237,8.580213505034784
2017-09-29,5979.3,1.1059,5406.727552,8.59539930009695
2017-10-06,6064.57,1.0941,5542.975962,8.620286812769594
2017-10-13,6092.45,1.0891,5594.022587,8.629453911472739
2017-10-20,6108.82,1.0861,5624.546543,8.634895609245314
2017-10-27,6213.47,1.0601,5861.211206,8.676111551657218
2017-11-03,6295.58,1.0482,6006.086625,8.700528671516187
2017-11-10,6309.07,1.0519,5997.784961,8.699145506882337
2017-11-17,6314.51,1.0591,5962.147106,8.69318594786854
2017-11-24,6409.29,1.0443,6137.403045,8.722156974829323
2017-12-01,6337.87,1.0575,5993.257683,8.698390396864045
2017-12-08,6344.57,1.0568,6003.567373,8.700109133694802
2017-12-15,6466.32,1.0407,6213.433266,8.734468883025825
2017-12-22,6465.17,1.0354,6244.127873,8.739396760765791
2017-12-29,6396.42,1.0471,6108.70022,8.717469299584515
2018-01-05,6653.29,1.0104,6584.807997,8.79252045612131
2018-01-12,6758.54,0.9948,6793.868114,8.823775736403762
2018-01-19,6834.33,0.9836,6948.281822,8.846249688138856
2018-01-26,7022.97,0.9572,7336.993314,8.900684407441942
2018-02-02,6760.29,0.9964,6784.714974,8.822427563133099
2018-02-09,6412.68,1.0582,6059.98866,8.70946320777448
2018-02-16,6770.66,1.0076,6719.591108,8.81278258464213
2018-02-23,6896.6,0.9904,6963.449111,8.848430192503494
2018-03-02,6811.04,1.0044,6781.202708,8.821909755763068
2018-03-09,7101.18,0.9644,7363.313978,8.904265379132367
2018-03-16,7019.95,0.9772,7183.739255,8.879575314083926
2018-03-23,6508.09,1.0566,6159.46432,8.725745091707275
2018-03-30,6581.13,1.0458,6292.914515,8.74717959929356
2018-04-06,6433.21,1.0745,5987.166124,8.697373477993214
2018-04-13,6628.34,1.0431,6354.462659,8.756912625996732
2018-04-20,6667.75,1.0369,6430.465812,8.768802258153636
2018-04-27,6656.35,1.0392,6405.263664,8.764875378823143
2018-05-04,6769.12,1.0252,6602.731174,8.795238656659441
2018-05-11,6952.56,0.9676,7185.365854,8.879801716353882
2018-05-18,6866.25,0.9863,6961.624252,8.84816809564226
2018-05-25,6960.92,0.9748,7140.869922,8.873589885727132
2018-06-01,7083.93,0.9585,7390.641628,8.907969833989245
2018-06-08,7152.62,0.9515,7517.204414,8.924949594368991
2018-06-15,7255.76,0.9391,7726.29113,8.952384224369766
2018-06-22,7197.51,0.9448,7618.024979,8.938272425977779
2018-06-29,7040.8,0.9664,7285.596026,8.893654530793924
2018-07-06,7207.33,0.9482,7601.065176,8.936043671190507
2018-07-13,7375.82,0.9267,7959.231682,8.982087751818037
2018-07-20,7350.23,0.9299,7904.323045,8.975165109670439
2018-07-27,7296.78,0.9759,7476.9751,8.919583590781718
2018-08-03,7395.49,0.9646,7666.898196,8.944667405265443
2018-08-10,7408.3,0.9721,7620.923773,8.938652871385417
2018-08-17,7377.54,0.9814,7517.362951,8.924970684034715
2018-08-24,7485.4,0.9689,7725.668284,8.9523036072799
2018-08-31,7654.55,0.9486,8069.312671,8.995823586756947
2018-09-07,7430.26,0.9801,7581.124375,8.93341680206867
2018-09-14,7545.5,0.968,7794.938017,8.961229829824598
2018-09-21,7531.07,0.9733,7737.665673,8.953855328459909
2018-09-28,7627.65,0.9603,7942.986567,8.980044625457083
2018-10-05,7399.01,0.9939,7444.420968,8.915220167479672
2018-10-12,7157.21,1.0278,6963.621327,8.848454923619887
2018-10-19,7107.23,1.035,6866.888889,8.834466428061637
2018-10-26,6852.4,1.0738,6381.449059,8.761150475784914
2018-11-02,6965.29,1.0585,6580.340104,8.791841710521602
2018-11-09,7039.15,1.051,6697.573739,8.809500611287232
2018-11-16,6867.02,1.0781,6369.557555,8.759285288540102
2018-11-23,6527.35,1.1429,5711.217079,8.650187428623617
2018-11-30,6949.01,1.0742,6469.009495,8.77477828381227
2018-12-07,6613.28,1.134,5831.816578,8.671083822233683
2018-12-14,6594.96,1.1438,5765.833188,8.659704947498902
2018-12-21,6046.56,1.2532,4824.896266,8.481544514267362
2018-12-28,6285.27,1.2005,5235.543524,8.56322594293907
2019-01-04,6422.67,1.1802,5442.018302,8.601905282439338
2019-01-11,6601.4,1.1485,5747.845015,8.65658028354382
2019-01-18,6784.61,1.1175,6071.239374,8.71131804344224
2019-01-25,6787.37,1.117,6076.427932,8.712172291123679
2019-02-01,6875.52,1.1051,6221.627002,8.735786727412462
2019-02-08,6913.13,1.1076,6241.540267,8.738982268564326
2019-02-15,7055.18,1.0878,6485.732671,8.777360069705791
2019-02-22,7090.63,1.0872,6521.91869,8.782923889236898
2019-03-01,7151.57,1.0831,6602.871388,8.79525989219176
2019-03-08,7015.69,1.103,6360.553037,8.757870608056901
2019-03-15,7306.99,1.0618,6881.700885,8.836621122030127
2019-03-22,7326.06,1.0607,6906.816253,8.84026406572367
2019-03-29,7378.77,1.0542,6999.40239,8.853580051535838
2019-04-05,7578.84,1.0292,7363.816557,8.904333631260506
2019-04-12,7628.15,1.0228,7458.105201,8.917056666431717
2019-04-19,7689.72,1.0146,7579.065642,8.933145204811598
2019-04-26,7826.68,0.9976,7845.509222,8.967696573449327
2019-05-03,7845.73,0.9969,7870.127395,8.97082952870102
2019-05-10,7586.53,1.0353,7327.85666,8.899438345573136
2019-05-17,7503.68,1.0538,7120.592143,8.870746167099593
2019-05-24,7300.96,1.084,6735.202952,8.815103222317692
2019-05-31,7127.96,1.1095,6424.479495,8.767870894030374
2019-06-07,7417.29,1.0673,6949.58306,8.846436945392377
2019-06-14,7479.11,1.0618,7043.802976,8.859903498753592
2019-06-21,7728.78,1.0325,7485.501211,8.92072325666932
2019-06-28,7671.08,1.0364,7401.659591,8.90945952310177
2019-07-05,7841.3,1.0162,7716.296005,8.951089735783318
2019-07-12,7943.24,1.0034,7916.324497,8.976682298429026
2019-07-19,7834.9,1.0173,7701.66126,8.949191332623458
2019-07-26,8016.95,0.9943,8062.908579,8.995029636285135
2019-08-02,7692.8,1.0383,7409.033998,8.910455345149549
2019-08-09,7646.27,1.0476,7298.844979,8.895471392563259
2019-08-16,7604.11,1.0544,7211.788695,8.883472284809123
2019-08-23,7465.0,1.0716,6966.218738,8.848827851236857
2019-08-30,7691.0,1.0428,7375.335635,8.905896690002988
2019-09-06,7852.54,1.024,7668.496094,8.944875798734246
2019-09-13,7892.96,1.0214,7727.589583,8.95255226669223
2019-09-20,7823.55,1.0346,7561.907984,8.930878816167377
2019-09-27,7681.58,1.0529,7295.640612,8.895032272317257
2019-10-04,7754.1,1.0455,7416.642755,8.911481774876135
2019-10-11,7843.88,1.0337,7588.15904,8.934344290244853
2019-10-18,7868.49,1.0304,7636.345109,8.940674378821756
2019-10-25,8029.22,1.01,7949.722772,8.980892335593813
2019-11-01,8161.17,0.9957,8196.414583,9.011452091656839
2019-11-08,8255.89,0.9878,8357.855841,9.030957194833269
2019-11-15,8315.52,0.9801,8484.358739,9.045979598972611
2019-11-22,8272.05,1.0094,8195.016842,9.011281546331402
2019-11-29,8403.69,0.9951,8445.070847,9.041338218431104
2019-12-06,8397.37,1.0026,8375.593457,9.033077214720091
2019-12-13,8487.71,0.9866,8602.990067,9.059865104023448
2019-12-20,8678.49,0.9762,8890.073755,9.092690624873985
2019-12-27,8770.98,0.9688,9053.447564,9.110900910450695
2020-01-03,8793.9,0.9679,9085.546027,9.11444008106054
2020-01-10,8966.64,0.9505,9433.603367,9.15203342003055
2020-01-17,9173.73,0.929,9874.843918,9.197745783872259
2020-01-24,9141.47,0.9323,9805.287997,9.190677110662113
2020-01-31,8991.51,0.9496,9468.734204,9.155750513465966
2020-02-07,9401.1,0.9114,10315.00987,9.241355382363837
2020-02-14,9623.58,0.8916,10793.607,9.286709293399584
2020-02-21,9446.69,0.912,10358.21272,9.245534983556123
2020-02-28,8461.83,1.0194,8300.794585,9.024106522335096
2020-03-06,8530.34,1.0116,8432.522736,9.039851263166977
2020-03-13,7995.26,1.0819,7390.017562,8.907885390394092
2020-03-20,6994.29,1.238,5649.668821,8.639352206670305
2020-03-27,7588.37,1.1412,6649.465475,8.80229175072003
2020-04-03,7528.11,1.1536,6525.754161,8.783511805741899
2020-04-10,8238.53,1.0543,7814.217965,8.963700169390302
2020-04-17,8832.41,0.9838,8977.851189,9.10251584413211
2020-04-24,8786.6,0.984,8929.471545,9.097112494627886
2020-05-01,8718.18,0.9869,8833.904144,9.086352341293889
2020-05-08,9220.35,0.9364,9846.593336,9.194880820131575
2020-05-15,9152.64,0.9447,9688.409019,9.178685503478802
2020-05-22,9413.99,0.9164,10272.79572,9.237254487882758
2020-05-29,9555.52,0.9035,10576.11511,9.266353446109392
2020-06-05,9824.39,0.88,11164.07955,9.320456720213054
2020-06-12,9663.77,0.8967,10777.03803,9.285173041401963
2020-06-19,10008.64,0.8682,11528.03501,9.352537174628251
2020-06-26,9849.36,0.8796,11197.54434,9.323449777886074
2020-07-03,10341.89,0.8393,12322.04218,9.41914498471425
2020-07-10,10836.33,0.8012,13525.12481,9.512304331768222
2020-07-17,10645.22,0.8155,13053.61128,9.476820100905924
2020-07-24,10483.13,0.8274,12669.96616,9.446989602435533
2020-07-31,10905.88,0.7968,13687.09839,9.524208944758527
2020-08-07,11139.39,0.7827,14232.0046,9.563248552560909
2020-08-14,11164.45,0.7822,14273.13986,9.566134718502799
2020-08-21,11555.16,0.7586,15232.21724,9.631168019009277
2020-08-28,11995.85,0.726,16523.20937,9.712521299998416
2020-09-04,11622.13,0.7506,15483.7863,9.647548710258977
2020-09-11,11087.4,0.7872,14084.60366,9.55283754075943
2020-09-18,10936.98,0.7988,13691.76264,9.524549663829347
2020-09-25,11151.13,0.7844,14216.12698,9.562132301983679
2020-10-02,11255.69,0.7762,14501.01778,9.58197411766948
2020-10-09,11725.85,0.746,15718.29759,9.662580764317257
2020-10-16,11852.17,0.7381,16057.67511,9.68394221425698
2020-10-23,11692.57,0.7495,15600.49366,9.655057837608735
2020-10-30,11052.95,0.7942,13917.08638,9.540872600198034
2020-11-06,12091.35,0.7371,16403.9479,9.705277310452285
2020-11-13,11937.84,0.7479,15961.81308,9.677954466055397
2020-11-20,11906.44,0.7526,15820.40925,9.669056110140016
2020-11-27,12258.21,0.7312,16764.51039,9.727019454179214
2020-12-04,12528.48,0.7521,16657.99761,9.720645717020668
2020-12-11,12375.41,0.7597,16289.86442,9.698298378663972
2020-12-18,12738.18,0.7415,17178.93459,9.75143917906346
2020-12-25,12711.01,0.7754,16392.8424,9.704600079520668
2021-01-01,12888.28,0.7638,16873.89369,9.733522954480527
2021-01-08,13105.2,0.7523,17420.17812,9.765384475382922
2021-01-15,12803.93,0.7701,16626.32126,9.718742336651855
2021-01-22,13366.4,0.7376,18121.47505,9.804852980809189
2021-01-29,12925.38,0.763,16940.2097,9.737445347114079
2021-02-05,13603.96,0.7262,18733.07629,9.83804602594516
2021-02-12,13807.7,0.712,19392.83708,9.87265905419153
2021-02-19,13580.78,0.7265,18693.43427,9.835927632633487
2021-02-26,12909.44,0.7648,16879.49791,9.73385502303932
2021-03-05,12668.51,0.7808,16225.03842,9.69431090952018
2021-03-12,12937.29,0.7652,16907.07005,9.735487159582657
2021-03-19,12866.99,0.7707,16695.19917,9.72287648222573
2021-03-26,12979.12,0.7634,17001.72911,9.741070330218944
2021-04-02,13329.51,0.7414,17978.83733,9.7969506413074
2021-04-09,13845.05,0.7145,19377.25682,9.871855328470417
2021-04-16,14041.91,0.7048,19923.25482,9.899642912369462
2021-04-23,13941.44,0.71,19635.83099,9.88511128799077
2021-04-30,13860.76,0.7153,19377.54788,9.871870349059593
2021-05-07,13719.63,0.7249,18926.2381,9.848304497566026
2021-05-14,13393.12,0.7424,18040.30172,9.800363518532185
2021-05-21,13411.74,0.7437,18033.80395,9.800003272868455
2021-05-28,13686.51,0.7293,18766.63924,9.839836064002121
2021-06-04,13770.77,0.7262,18962.77885,9.850233328888152
2021-06-11,13998.3,0.7168,19528.87835,9.879649590065776
2021-06-18,14049.58,0.7152,19644.26734,9.885540836311083
2021-06-25,14345.18,0.7009,20466.79983,9.92655933179775
2021-07-02,14727.63,0.6821,21591.59947,9.98005960459989
2021-07-09,14826.09,0.6784,21854.49587,9.99216193999865
2021-07-16,14681.38,0.6851,21429.54313,9.972525769061644
2021-07-23,15111.79,0.6786,22269.06867,10.0109539394398
2021-07-30,14959.9,0.686,21807.4344,9.990006218163447
2021-08-06,15109.36,0.6809,22190.27757,10.007409524636147
2021-08-13,15136.68,0.6799,22263.09751,10.010685766541512
2021-08-20,15092.57,0.6846,22045.82238,10.000878401700458
2021-08-27,15432.95,0.6678,23110.13777,10.04802666473919
2021-09-03,15652.86,0.6597,23727.23965,10.074379019444185
2021-09-10,15440.75,0.6688,23087.24581,10.047035614593069
2021-09-17,15333.47,0.6741,22746.58063,10.0321701111046
2021-09-24,15329.68,0.6755,22693.82679,10.029848218907954
2021-10-01,14791.87,0.7012,21095.07986,9.956795110282489
2021-10-08,14820.75,0.7009,21145.31317,9.959173560390434
2021-10-15,15146.92,0.6858,22086.49752,10.002721728840726
2021-10-22,15355.07,0.6765,22697.81227,10.030023823054126
2021-10-29,15850.47,0.6566,24140.22236,10.091634705876706
2021-11-05,16359.38,0.6389,25605.54077,10.150564043376816
2021-11-12,16199.88,0.6443,25143.38041,10.132349936509778
2021-11-19,16573.34,0.6325,26202.90909,10.173625717554838
2021-11-26,16025.58,0.6544,24488.96699,10.105977968166416
2021-12-03,15712.04,0.6375,24646.33725,10.112383578166517
2021-12-10,16331.98,0.6136,26616.6558,10.189292456709468
2021-12-17,15801.46,0.6369,24809.95447,10.119000241537044
2021-12-24,16308.21,0.6181,26384.42,10.180528963411307
2021-12-31,16320.08,0.6187,26378.01843,10.180286307073887
2022-01-07,15592.19,0.6484,24047.17767,10.0877729160488
2022-01-14,15611.59,0.6476,24106.84064,10.090250923186067
2022-01-21,14438.4,0.7002,20620.39417,9.93403587329513
2022-01-28,14454.61,0.6998,20655.34438,9.935729372652414
2022-02-04,14694.35,0.6911,21262.26306,9.964689093079418
2022-02-11,14253.84,0.721,19769.5423,9.891897764657417
2022-02-18,14009.54,0.7357,19042.46296,9.8544266571223
2022-02-25,14189.16,0.7315,19397.34792,9.872891630551779
2022-03-04,13837.83,0.751,18425.87217,9.821511052165164
2022-03-11,13301.83,0.7827,16994.80005,9.740662696835939
2022-03-18,14420.08,0.7231,19942.02738,9.900584712369442
2022-03-25,14754.31,0.7066,20880.71044,9.946581066321956
2022-04-01,14861.21,0.7022,21163.78525,9.960046757024895
2022-04-08,14327.26,0.7304,19615.63527,9.88408224506797
2022-04-15,13893.21,0.7532,18445.57886,9.82257999256897
2022-04-22,13356.87,0.7835,17047.69623,9.743770355107266
2022-04-29,12854.8,0.8146,15780.50577,9.666530645217032
2022-05-06,12693.54,0.8291,15310.02292,9.636262985711353
2022-05-13,12387.4,0.8522,14535.78972,9.584369143818371
2022-05-20,11835.62,0.9028,13109.90253,9.4811231419475
2022-05-27,12681.42,0.8432,15039.63472,9.618444309974848
2022-06-03,12548.03,0.8541,14691.52324,9.59502595609994
2022-06-10,11832.82,0.9063,13056.18449,9.477017207771944
2022-06-17,11265.99,0.9533,11817.88524,9.377369361247538
2022-06-24,12105.85,0.8873,13643.46895,9.521016220910642
2022-07-01,11585.68,0.9276,12489.95257,9.432679805674463
2022-07-08,12125.69,0.8889,13641.23073,9.52085215679916
2022-07-15,11983.62,0.8994,13324.01601,9.497323400903962
2022-07-22,12396.47,0.8694,14258.64964,9.565118993832197
2022-07-29,12947.97,0.834,15525.14388,9.650216174391586
2022-08-05,13207.69,0.8189,16128.57492,9.688347817557172
2022-08-12,13565.87,0.799,16978.5607,9.739706691843892
2022-08-19,13242.9,0.8228,16094.91979,9.686258960185231
2022-08-26,12605.17,0.8647,14577.50665,9.58723497927868
2022-09-02,12098.44,0.9035,13390.63641,9.502310966308563
2022-09-09,12588.29,0.8689,14487.61653,9.581049531101423
2022-09-16,11861.38,0.9235,12843.94153,9.460627502878893
2022-09-23,11311.24,0.9711,11647.86325,9.362878030154638
2022-09-30,10971.22,1.0018,10951.50729,9.301232377826267
2022-10-07,11039.47,0.9974,11068.24744,9.311835696999527
2022-10-14,10692.06,1.0298,10382.65683,9.247892080615964
2022-10-21,11310.33,0.9735,11618.21263,9.360329200158112
2022-10-28,11546.21,0.955,12090.27225,9.40015646196572
2022-11-04,10857.03,1.0172,10673.44672,9.275514321186568
2022-11-11,11817.01,0.9361,12623.662,9.443328268329243
2022-11-18,11677.02,0.9515,12272.22281,9.415093679407018
2022-11-25,11756.03,0.944,12453.42161,9.429750692246976
2022-12-02,11994.26,0.9279,12926.24205,9.467014791471435
2022-12-09,11563.33,0.9635,12001.38038,9.39277695382117
2022-12-16,11243.72,0.9966,11282.07907,9.330970822784492
2022-12-23,10985.45,0.9873,11126.75985,9.317108283287963
2022-12-30,10939.76,0.9922,11025.76094,9.307989717434443
2023-01-06,11040.35,0.9844,11215.30882,9.325034982910456
2023-01-13,11541.48,0.9419,12253.4027,9.413558948830104
2023-01-20,11619.03,0.9357,12417.47355,9.426859916920852
2023-01-27,12166.6,0.8935,13616.78791,9.519058715619567
2023-02-03,12573.36,0.8659,14520.56819,9.583321419155867
2023-02-10,12304.92,0.8791,13997.17893,9.546611083292536
2023-02-17,12358.18,0.8798,14046.57877,9.550134141195409
2023-02-24,11969.65,0.9078,13185.33818,9.486860747301844
2023-03-03,12290.81,0.8892,13822.32344,9.534040204753767
2023-03-10,11830.28,0.9247,12793.64118,9.456703543657744
2023-03-17,12519.88,0.8748,14311.70553,9.568833049934963
2023-03-24,12767.05,0.8603,14840.23015,9.60509702536122
2023-03-31,13181.35,0.8338,15808.76709,9.66831994424049
2023-04-07,13062.6,0.8449,15460.52787,9.64604546580172
2023-04-14,13079.52,0.8438,15500.73477,9.648642706299908
2023-04-21,13000.77,0.8489,15314.84274,9.636577750849806
2023-04-28,13245.99,0.8333,15895.82383,9.673811701507935
2023-05-05,13259.13,0.8264,16044.44579,9.683118011968906
2023-05-12,13340.18,0.821,16248.69671,9.695767982079955
2023-05-19,13803.49,0.7931,17404.47611,9.764482699821253
2023-05-26,14298.41,0.7665,18654.15525,9.833824201863948
2023-06-02,14546.64,0.7555,19254.32164,9.865490815298623
2023-06-09,14528.36,0.7591,19138.92768,9.859479638359112
2023-06-16,15083.92,0.7319,20609.26356,9.933495941077245
2023-06-23,14891.48,0.7418,20074.79105,9.90722013029255
2023-06-30,15179.21,0.7282,20844.83658,9.944861550514437
2023-07-07,15036.85,0.7361,20427.72721,9.924648433948198
2023-07-14,15565.6,0.7111,21889.46702,9.993760842116332
2023-07-21,15425.67,0.7191,21451.35586,9.97354313261489
2023-07-28,15750.93,0.8196,19217.82577,9.863593552816306
2023-08-04,15274.92,0.837,18249.60573,9.811898754941655
2023-08-11,15028.07,0.8498,17684.24335,9.780429315878369
2023-08-18,14694.84,0.8729,16834.50567,9.731185967932703
2023-08-25,14941.83,0.8599,17376.24142,9.762859116513754
2023-09-01,15490.86,0.832,18618.82212,9.831928289968692
2023-09-08,15280.23,0.8443,18098.10494,9.803562512325033
2023-09-15,15202.4,0.8496,17893.59699,9.792198217779477
2023-09-22,14701.1,0.8798,16709.59309,9.723738270006287
2023-09-29,14715.24,0.8796,16729.46794,9.7249269907256
2023-10-06,14973.24,0.8658,17294.10949,9.758121230597824
2023-10-13,14995.12,0.8646,17343.41892,9.760968400449345
2023-10-20,14560.88,0.8905,16351.35317,9.702065935591888
2023-10-27,14180.42,0.9146,15504.5047,9.64888588649029
2023-11-03,15099.49,0.86,17557.54651,9.773239137040061
2023-11-10,15529.12,0.8295,18721.06088,9.837404419366017
2023-11-17,15837.99,0.819,19338.20513,9.869837958599188
2023-11-24,15982.01,0.8128,19662.906,9.886489195595823
2023-12-01,15997.58,0.8205,19497.35527,9.878034108174154
2023-12-08,16084.69,0.8185,19651.42334,9.885905049279746
2023-12-15,16623.45,0.7982,20826.17139,9.943965714672803
2023-12-22,16777.4,0.8208,20440.30214,9.925263826008782
2023-12-29,16825.93,0.8723,19289.15511,9.867298305562638
2024-01-05,16305.98,0.9013,18091.62321,9.803204304048782
2024-01-12,16832.92,0.8735,19270.65827,9.86633892117784
2024-01-19,17314.0,0.8492,20388.60104,9.922731251111728
2024-01-26,17421.01,0.844,20641.00711,9.935035012494254
2024-02-02,17642.73,0.8344,21144.21141,9.959121454815298
2024-02-09,17962.4,0.8131,22091.25569,10.002937139072015
2024-02-16,17685.98,0.8272,21380.53675,9.970236289502445
2024-02-23,17937.61,0.8217,21829.87708,9.991034818744811
2024-03-01,18302.91,0.8129,22515.57387,10.021962520751956
2024-03-08,18018.45,0.8291,21732.54131,9.986566015791169
2024-03-15,17808.25,0.8396,21210.39781,9.962246803158418
2024-03-22,18339.44,0.8226,22294.48091,10.012094433991695
2024-03-29,18254.69,0.8269,22076.05515,10.002248822744349
2024-04-05,18108.46,0.8345,21699.77232,9.98505704730761
2024-04-12,18003.49,0.8396,21442.93711,9.973150597873078
2024-04-19,17037.65,0.8872,19203.84355,9.862865722877384
2024-04-26,17718.3,0.8538,20752.28391,9.94041158755362
2024-05-03,17890.8,0.8457,21155.01951,9.959632485394348
2024-05-10,18161.18,0.8348,21755.12698,9.987604731956868
2024-05-17,18546.23,0.8219,22565.06874,10.024158358567119
2024-05-24,18808.35,0.81,23220.18519,10.052777230672275
2024-05-31,18536.65,0.8281,22384.55501,10.016126491540689
2024-06-07,19000.95,0.8115,23414.60259,10.061115149020052
2024-06-14,19659.8,0.796,24698.24121,10.11448731400792
2024-06-21,19700.43,0.7946,24792.8895,10.118312177333163
2024-06-28,19682.87,0.7954,24745.87629,10.116414139569637
2024-07-05,20391.97,0.7685,26534.76903,10.18621119087137
2024-07-12,20331.49,0.7711,26366.86552,10.17986340690496
2024-07-19,19522.62,0.803,24312.10461,10.098729637400798
2024-07-26,19023.66,0.8139,23373.46111,10.059356517123367
2024-08-02,18440.85,0.84,21953.39286,9.996676978767832
2024-08-09,18513.1,0.8374,22107.83377,10.003687293927237
2024-08-16,19508.52,0.8001,24382.60217,10.10162513113781
2024-08-23,19720.87,0.7921,24896.94483,10.122500377334472
2024-08-30,19574.64,0.8033,24367.7829,10.101017165870042
2024-09-06,18421.31,0.8539,21573.14674,9.979204613768514
2024-09-13,19514.58,0.8133,23994.31944,10.085572391314583
2024-09-20,19791.49,0.8088,24470.19041,10.10521093777138
2024-09-27,20008.62,0.8003,25001.39948,10.126687081483562
2024-10-04,20035.02,0.8005,25028.13242,10.127755767978478
2024-10-11,20271.97,0.7984,25390.74399,10.142139976750707
2024-10-18,20324.04,0.7963,25523.09431,10.147338980500342
2024-10-25,20352.02,0.7954,25587.15112,10.149845595093982
2024-11-01,20033.14,0.8089,24765.90431,10.117223160002741
2024-11-08,21117.18,0.7683,27485.59157,10.221417203439524
2024-11-15,20394.13,0.7918,25756.66835,10.156448837614766
2024-11-22,20776.23,0.7764,26759.69861,10.19465225147321
2024-11-29,20930.37,0.7724,27097.83791,10.207209221766226
2024-12-06,21622.25,0.75,28829.66667,10.269160228650936
2024-12-13,21780.25,0.751,29001.66445,10.275108502149177
2024-12-20,21289.15,0.7719,27580.19173,10.224853103099779
2024-12-27,21473.01,0.7168,29956.76618,10.307510493888216
2025-01-03,21326.16,0.7225,29517.17647,10.292727626104613
2025-01-10,20847.58,0.7399,28176.213,10.246233390332627
2025-01-17,21441.15,0.7195,29800.06949,10.302266004369972
2025-01-24,21774.01,0.7077,30767.2884,10.33420733963599
2025-01-31,21478.05,0.718,29913.71866,10.306072472214158
2025-02-07,21491.31,0.7181,29928.01838,10.306550390168397
2025-02-14,22114.69,0.6995,31614.99643,10.361386857571626
2025-02-21,21614.08,0.7185,30082.22686,10.311689806573598
2025-02-28,20884.41,0.7462,27987.68427,10.239519844896055
2025-03-07,20201.37,0.7694,26256.00468,10.17564999157483
2025-03-14,19704.63,0.7966,24735.91514,10.116011520753839
2025-03-21,19753.97,0.7961,24813.42796,10.119140235621913
2025-03-28,19281.4,0.8137,23695.95674,10.073059710881335
2025-04-04,17397.7,0.8991,19350.12791,9.870454308771997
2025-04-11,18690.05,0.8372,22324.47444,10.01343886414621
2025-04-18,18258.09,0.857,21304.65578,9.96668090903278
2025-04-25,19432.56,0.8054,24127.8371,10.091121519292848
2025-05-02,20102.61,0.7795,25789.1084,10.157707526738426
2025-05-09,20061.45,0.7814,25673.72664,10.153223438240678
2025-05-16,21427.94,0.7335,29213.2788,10.282378638312029
2025-05-23,20915.65,0.7473,27988.29118,10.239541529556131
2025-05-30,21340.99,0.7341,29070.95764,10.277494935562787
2025-06-06,21761.79,0.7215,30161.8711,10.314333859322215
2025-06-13,21631.04,0.7269,29757.93094,10.300850961664471
2025-06-20,21626.39,0.7286,29682.11639,10.298300001679799
2025-06-27,22534.2,0.6983,32270.08449,10.381895903263839
2025-07-04,22866.97,0.686,33333.77551,10.414326441514135
2025-07-11,22780.6,0.6889,33068.07955,10.406323732018638
2025-07-18,23065.47,0.6804,33899.86772,10.431166391296031
2025-07-25,23272.25,0.6745,34502.96516,10.448800545992915
2025-08-01,22763.31,0.6936,32819.07439,10.398765161626027
2025-08-08,23611.27,0.669,35293.37818,10.471450638355913
2025-08-15,23712.07,0.6651,35651.88693,10.481557353754498
2025-08-22,23498.12,0.6743,34848.16847,10.458755860144784
2025-08-29,23415.42,0.6783,34520.74303,10.449315669589119
2025-09-05,23652.44,0.6729,35150.00743,10.46738010861859
2025-09-12,24092.19,0.6613,36431.55905,10.50319068485961
2025-09-19,24626.25,0.6472,38050.44808,10.546668139304595
2025-09-26,24503.85,0.6509,37646.10539,10.535984785380816
2025-10-03,24785.52,0.6414,38642.84378,10.562116882409233
2025-10-10,24221.75,0.6566,36889.65885,10.515686542784339
2025-10-17,24817.95,0.6408,38729.63483,10.564360343856034
2025-10-24,25358.16,0.6271,40437.18705,10.607505112109754
2025-10-31,25858.13,0.6159,41984.2994,10.645051003566444
2025-11-07,25059.81,0.6358,39414.61151,10.581891877045587
2025-11-14,25008.24,0.6388,39148.77896,10.575124512171394
2025-11-21,24239.57,0.6627,36576.98808,10.50717458066535
2025-11-28,25434.89,0.6325,40213.26482,10.601952190825537
2025-12-05,25692.05,0.6275,40943.50598,10.61994849257844
2025-12-12,25196.73,0.6406,39333.01592,10.579819544916623
2025-12-19,25346.18,0.641,39541.62246,10.585109129266677
2025-12-26,25644.39,0.6327,40531.67378,10.609839016080278
